PermitNumber,CurrentPermitStatus,PermitTypeDesc,PermitAddress
20210206540,Issued,Residential Duplex,17148 BELMONT AVE
20210727126,Issued,Residential Duplex,15579 CHAMBERLAIN BLVD
20210726430,Issued,Residential Duplex,15070 DANIA AVE
20210309079,Permit Issued,Residential Duplex,9458 ACE RD
20210310191,Permit Issued,Residential Duplex,27058 ADAMS ST
20210206808,Permit Issued,Residential Duplex,27066 ADAMS ST
20210621485,Permit Issued,Residential Duplex,8373 AGATE ST
20210623678,Permit Issued,Residential Duplex,8432 AGATE ST
20210621015,Permit Issued,Residential Duplex,8495 AGATE ST
20211139823,Permit Issued,Residential Duplex,8511 AGATE ST
20210413696,Permit Issued,Residential Duplex,8519 AGATE ST
20210623676,Permit Issued,Residential Duplex,9148 AGATE ST
20210621819,Permit Issued,Residential Duplex,9163 AGATE ST
20210622380,Permit Issued,Residential Duplex,9164 AGATE ST
20210517749,Permit Issued,Residential Duplex,9228 AGATE ST
20210623674,Permit Issued,Residential Duplex,9244 AGATE ST
20210412611,Permit Issued,Residential Duplex,9260 AGATE ST
20210412635,Permit Issued,Residential Duplex,9301 AGATE ST
20210412632,Permit Issued,Residential Duplex,9317 AGATE ST
20210412634,Permit Issued,Residential Duplex,9425 AGATE ST
20211139756,Permit Issued,Residential Duplex,9497 AGATE ST
20211243063,Permit Issued,Residential Duplex,30019 ALDER RD
20210204037,Permit Issued,Residential Duplex,9328 ANITA AVE
20211038270,Permit Issued,Residential Duplex,358 BAMBOO DR
20210205979,Permit Issued,Residential Duplex,17172 BELMONT AVE
20210307600,Permit Issued,Residential Duplex,17230 BELMONT AVE
20210725035,Permit Issued,Residential Duplex,13217 BLYTHEVILLE AVE
20210620277,Permit Issued,Residential Duplex,13226 BLYTHEVILLE AVE
20210620437,Permit Issued,Residential Duplex,13257 BLYTHEVILLE AVE
20210204277,Permit Issued,Residential Duplex,145 BOUNDARY BLVD
20210931809,Permit Issued,Residential Duplex,174 BOUNDARY BLVD
20210203172,Permit Issued,Residential Duplex,292 BOUNDARY BLVD
20210206556,Permit Issued,Residential Duplex,12322 BUFFING RD
20210206505,Permit Issued,Residential Duplex,12327 BUFFING RD
20210206625,Permit Issued,Residential Duplex,12441 BUFFING RD
20210933913,Permit Issued,Residential Duplex,12532 BUFFING RD
20210310540,Permit Issued,Residential Duplex,12685 BUFFING RD
20210932309,Permit Issued,Residential Duplex,10193 BURLINGTON AVE
20210828628,Permit Issued,Residential Duplex,10250 BURLINGTON AVE
20210411776,Permit Issued,Residential Duplex,320 CAMILLIA LN
20210206564,Permit Issued,Residential Duplex,17092 CARLEEN AVE
20210413036,Permit Issued,Residential Duplex,17116 CARLEEN AVE
20211139652,Permit Issued,Residential Duplex,8456 DINNANO ST
20210413219,Permit Issued,Residential Duplex,1962 DORION ST
20210206418,Permit Issued,Residential Duplex,2012 DORION ST
20211036182,Permit Issued,Residential Duplex,26372 EXPLORER RD
20211036173,Permit Issued,Residential Duplex,26380 EXPLORER RD
20210309087,Permit Issued - In Review,Residential Duplex,15537 BUICK AVE
20210204468,Permit Issued - In Review,Residential Duplex,26057 EXPLORER RD
20210204467,Permit Issued - In Review,Residential Duplex,26325 EXPLORER RD
20210519006,Issued,Residential Mobile Home,8395 ACORN BLVD
20220204694,Permit Issued,Residential Mobile Home,8090 ACORN BLVD
20211244113,Permit Issued,Residential Mobile Home,6106 ALAN BLVD
20210415125,Permit Issued,Residential Mobile Home,8123 ALFRED BLVD
20210414184,Permit Issued,Residential Mobile Home,8208 ALFRED BLVD
20210414179,Permit Issued,Residential Mobile Home,8224 ALFRED BLVD
20210515644,Permit Issued,Residential Mobile Home,48641 BERMONT RD
20210516819,Permit Issued,Residential Mobile Home,1292 BLUE HERON DR
20211037448,Permit Issued,Residential Mobile Home,15550 BURNT STORE RD
20210412556,Permit Issued,Residential Mobile Home,3250 DUNCAN RD
20210516927,Issued,Residential Single Family,10077 AUDREY ST
20210619679,Issued,Residential Single Family,10454 ATENIA ST
20210204608,Issued,Residential Single Family,11575 BRIDLE PATH LN
20210414017,Issued,Residential Single Family,12078 CHAPMAN AVE
20210829395,Issued,Residential Single Family,12580 FELDMAN AVE
20210934081,Issued,Residential Single Family,14708 CHERRY BLOSSOM WAY
20210621010,Issued,Residential Single Family,15476 CHAMBERLAIN BLVD
20210724814,Issued,Residential Single Family,16849 CELEBRATION DR
20210727012,Issued,Residential Single Family,18440 BARBARA AVE
20210727300,Issued,Residential Single Family,22049 DEBORAH AVE
20210415145,Issued,Residential Single Family,23237 ELMIRA BLVD
20210415605,Issued,Residential Single Family,23472 FERNDALE AVE
20210519107,Issued,Residential Single Family,247 CASALE G ST
20210827559,Issued,Residential Single Family,26550 DEEP CREEK BLVD
20210310689,Issued,Residential Single Family,3202 BRODER DR
20210827561,Issued,Residential Single Family,408 CONCORDIA ST
20210310552,Issued,Residential Single Family,4130 ENCLAVE PL
20210725344,Issued,Residential Single Family,6195 BARREL ST
20210622665,Issued,Residential Single Family,6227 CERES ST
20210724884,Issued,Residential Single Family,6496 DAVID BLVD
20211244443,Issued,Residential Single Family,7114 COVENTRY TER
20210620416,Issued,Residential Single Family,8 AFT CT
20211035780,Permit Issued,Residential Single Family,1 DAVIT CT
20210827562,Permit Issued,Residential Single Family,1 DECK CT
20210309452,Permit Issued,Residential Single Family,10 BAG CT
20210413830,Permit Issued,Residential Single Family,10 BILL CT
20211244061,Permit Issued,Residential Single Family,10 ELLINGTON ST
20220104254,Permit Issued,Residential Single Family,10016 DUQUESNE ST
20210623404,Permit Issued,Residential Single Family,10020 BAY STATE DR
20210414916,Permit Issued,Residential Single Family,10020 BOYLSTON ST
20210623643,Permit Issued,Residential Single Family,10022 ALVAREZ ST
20220101271,Permit Issued,Residential Single Family,10023 ALVAREZ ST
20220104258,Permit Issued,Residential Single Family,10024 DUQUESNE ST
20210726609,Permit Issued,Residential Single Family,10030 ANCONA ST
20211038380,Permit Issued,Residential Single Family,10051 BAY STATE DR
20211244932,Permit Issued,Residential Single Family,10070 ANCONA ST
20210415192,Permit Issued,Residential Single Family,10073 COCOA BEACH ST
20211139221,Permit Issued,Residential Single Family,10077 BOYLSTON ST
20210622707,Permit Issued,Residential Single Family,10101 EAGLE PRESERVE DR
20211243566,Permit Issued,Residential Single Family,10102 BAY STATE DR
20211244172,Permit Issued,Residential Single Family,10107 BOYLSTON ST
20210931977,Permit Issued,Residential Single Family,10149 CALUMET BLVD
20210828192,Permit Issued,Residential Single Family,1021 BOUNDARY BLVD
20210518626,Permit Issued,Residential Single Family,10233 BAY AVE
20210516504,Permit Issued,Residential Single Family,1025 DECATUR ST
20210517574,Permit Issued,Residential Single Family,1026 BOUNDARY BLVD
20210932982,Permit Issued,Residential Single Family,10348 ATENIA ST
20210725108,Permit Issued,Residential Single Family,10383 COQUINA CT
20211038290,Permit Issued,Residential Single Family,1039 BIRCHCREST BLVD
20210310792,Permit Issued,Residential Single Family,10390 COQUINA CT
20210725037,Permit Issued,Residential Single Family,10391 COQUINA CT
20210932395,Permit Issued,Residential Single Family,10394 CARNEGIE AVE
20210519111,Permit Issued,Residential Single Family,10398 COQUINA CT
20210724056,Permit Issued,Residential Single Family,10405 CHABLIS AVE
20210622880,Permit Issued,Residential Single Family,10422 CHABLIS AVE
20210413369,Permit Issued,Residential Single Family,10428 EUSTON AVE
20210519085,Permit Issued,Residential Single Family,10431 COQUINA CT
20210310780,Permit Issued,Residential Single Family,10439 COQUINA CT
20210519436,Permit Issued,Residential Single Family,10447 CARNEGIE AVE
20210413159,Permit Issued,Residential Single Family,10455 COQUINA CT
20210204923,Permit Issued,Residential Single Family,1046 BAY HARBOR DR
20210932872,Permit Issued,Residential Single Family,10466 CARNEGIE AVE
20211038328,Permit Issued,Residential Single Family,10479 AZTEC RD
20211242635,Permit Issued,Residential Single Family,10486 ATENIA ST
20211245324,Permit Issued,Residential Single Family,105 ANTILLA DR
20210724060,Permit Issued,Residential Single Family,106 EVARO DR
20210620274,Permit Issued,Residential Single Family,10662 ALPACA CIR
20210621141,Permit Issued,Residential Single Family,1068 BOUNDARY BLVD
20210412222,Permit Issued,Residential Single Family,1077 DORCHESTER ST
20210413848,Permit Issued,Residential Single Family,1082 BRISTOL ST
20210727059,Permit Issued,Residential Single Family,109 COCA LN
20210516827,Permit Issued,Residential Single Family,1091 ADALIA TER
20210205978,Permit Issued,Residential Single Family,1098 BRISTOL ST
20210724059,Permit Issued,Residential Single Family,110 FERDON CIR
20211038184,Permit Issued,Residential Single Family,11034 CARNEGIE AVE
20210932194,Permit Issued,Residential Single Family,11066 CHELTENHAM AVE
20220101972,Permit Issued,Residential Single Family,111 ABBOTT CT
20210727069,Permit Issued,Residential Single Family,111 BRITT RD
20211036572,Permit Issued,Residential Single Family,1110 AMPLE AVE
20210102564,Permit Issued,Residential Single Family,1113 BELKTON AVE
20210831196,Permit Issued,Residential Single Family,112 BAYTREE DR
20210515826,Permit Issued,Residential Single Family,11232 EULER AVE
20210204072,Permit Issued,Residential Single Family,1124 ANDREWS ST
20211140128,Permit Issued,Residential Single Family,1127 CHESHIRE ST
20211038455,Permit Issued,Residential Single Family,1131 BOUNDARY BLVD
20210932730,Permit Issued,Residential Single Family,1136 CORNELIUS BLVD
20211038479,Permit Issued,Residential Single Family,1148 FLEETWOOD DR
20211244573,Permit Issued,Residential Single Family,115 COLONIAL ST
20210934885,Permit Issued,Residential Single Family,1157 CHESHIRE ST
20211141918,Permit Issued,Residential Single Family,11611 BRIDLE PATH LN
20210307394,Permit Issued,Residential Single Family,11618 BRIDLE PATH LN
20210101089,Permit Issued,Residential Single Family,11627 BRIDLE PATH LN
20210827968,Permit Issued,Residential Single Family,1163 CAMPBELL ST
20210205273,Permit Issued,Residential Single Family,118 ANTIS DR
20210931842,Permit Issued,Residential Single Family,118 FAIRWAY RD
20210932224,Permit Issued,Residential Single Family,1193 BEEKMAN CIR
20210620111,Permit Issued,Residential Single Family,11955 BOOTH AVE
20210413648,Permit Issued,Residential Single Family,11955 CARNIVAL AVE
20211037399,Permit Issued,Residential Single Family,1199 AMPLE AVE
20210828154,Permit Issued,Residential Single Family,12 FAIRWAY RD
20211244036,Permit Issued,Residential Single Family,120 BRITT RD
20211141275,Permit Issued,Residential Single Family,120 CREVALLE RD
20211038598,Permit Issued,Residential Single Family,12004 BOOTH AVE
20210310850,Permit Issued,Residential Single Family,12015 BOOTH AVE
20210310841,Permit Issued,Residential Single Family,12023 BOOTH AVE
20210623425,Permit Issued,Residential Single Family,12024 EDWARDS RD
20210932325,Permit Issued,Residential Single Family,12028 BACCHUS RD
20220207841,Permit Issued,Residential Single Family,12037 ESTRELLA BLVD
20210101600,Permit Issued,Residential Single Family,1204 BISCAYNE DR
20211243417,Permit Issued,Residential Single Family,12043 BENHAM AVE
20210727477,Permit Issued,Residential Single Family,12051 CROSSGATE AVE
20210726206,Permit Issued,Residential Single Family,12056 CASSINO AVE
20210206066,Permit Issued,Residential Single Family,12063 CLAREMONT DR
20210623383,Permit Issued,Residential Single Family,12072 FLINTSTONE ST
20220100278,Permit Issued,Residential Single Family,12075 BROOKSIDE AVE
20220100930,Permit Issued,Residential Single Family,12078 COCHRAN AVE
20210727434,Permit Issued,Residential Single Family,12085 ASHLEY AVE
20211243892,Permit Issued,Residential Single Family,12093 COCHRAN AVE
20211242806,Permit Issued,Residential Single Family,121 ARROW LN
20210519055,Permit Issued,Residential Single Family,1210 ALWARD ST
20210623376,Permit Issued,Residential Single Family,12115 DUVAL BLVD
20211140965,Permit Issued,Residential Single Family,12128 BUROW AVE
20210518104,Permit Issued,Residential Single Family,12158 APPLEBERG CIR
20210831401,Permit Issued,Residential Single Family,1216 EDEN AVE
20211139172,Permit Issued,Residential Single Family,12175 BEIMAN AVE
20210621098,Permit Issued,Residential Single Family,12191 DARDEN ST
20210205279,Permit Issued,Residential Single Family,122 BLUE RD
20220103817,Permit Issued,Residential Single Family,122 COUGAR WAY
20210620133,Permit Issued,Residential Single Family,12209 ABRAMS AVE
20210205056,Permit Issued,Residential Single Family,12211 BACCHUS RD
20211142380,Permit Issued,Residential Single Family,1222 BLALOCK ST
20220103238,Permit Issued,Residential Single Family,12265 DARDEN ST
20210622243,Permit Issued,Residential Single Family,12280 ALEXIS CT
20220102433,Permit Issued,Residential Single Family,12307 DABNEY CT
20211036646,Permit Issued,Residential Single Family,1231 EDEN AVE
20210309517,Permit Issued,Residential Single Family,1232 BOWMAN TER
20210519411,Permit Issued,Residential Single Family,1235 AUTUMN ST
20210307716,Permit Issued,Residential Single Family,12364 BACCHUS RD
20220102036,Permit Issued,Residential Single Family,12386 AVIGNON AVE
20220204789,Permit Issued,Residential Single Family,12386 CORPORAL CIR
20211243452,Permit Issued,Residential Single Family,12396 BACCHUS RD
20210205494,Permit Issued,Residential Single Family,12404 FAIRWIND AVE
20220103862,Permit Issued,Residential Single Family,1242 AUTUMN ST
20210933746,Permit Issued,Residential Single Family,12428 ESPANOL DR
20210827680,Permit Issued,Residential Single Family,1246 CORNELIUS BLVD
20211036685,Permit Issued,Residential Single Family,12484 EVELYN AVE
20210934151,Permit Issued,Residential Single Family,125 BEAU RIVAGE DR
20211245293,Permit Issued,Residential Single Family,12591 CHAMBERLAIN BLVD
20210932211,Permit Issued,Residential Single Family,126 APOLLO DR
20210620411,Permit Issued,Residential Single Family,126 COLONIAL ST
20211245965,Permit Issued,Residential Single Family,1268 ADALIA TER
20210517984,Permit Issued,Residential Single Family,12796 BACCHUS RD
20211243378,Permit Issued,Residential Single Family,128 FERGUSON ST
20211139689,Permit Issued,Residential Single Family,1295 CLEARVIEW DR
20210933837,Permit Issued,Residential Single Family,13009 AFTON CT
20210828424,Permit Issued,Residential Single Family,13126 ARIZONA AVE
20220204406,Permit Issued,Residential Single Family,13148 CALIENTE DR
20220204411,Permit Issued,Residential Single Family,13154 CALIENTE DR
20210932268,Permit Issued,Residential Single Family,13157 AMARYLLIS CIR
20210932287,Permit Issued,Residential Single Family,13164 AMARYLLIS CIR
20211035670,Permit Issued,Residential Single Family,13165 EISENHOWER DR
20210724656,Permit Issued,Residential Single Family,13170 ESSMAN AVE
20210724660,Permit Issued,Residential Single Family,13178 ESSMAN AVE
20210829745,Permit Issued,Residential Single Family,13194 DRYSDALE AVE
20210829499,Permit Issued,Residential Single Family,132 COLONIAL ST
20210932443,Permit Issued,Residential Single Family,13202 DRYSDALE AVE
20211140859,Permit Issued,Residential Single Family,13203 CHANCELLOR BLVD
20210515864,Permit Issued,Residential Single Family,13211 DRYSDALE AVE
20211037573,Permit Issued,Residential Single Family,13227 DRYSDALE AVE
20210727426,Permit Issued,Residential Single Family,13267 DRYSDALE AVE
20210724334,Permit Issued,Residential Single Family,13269 AMARYLLIS CIR
20211036024,Permit Issued,Residential Single Family,13274 DRYSDALE AVE
20210412389,Permit Issued,Residential Single Family,13280 ELEANOR AVE
20210934375,Permit Issued,Residential Single Family,13284 AMARYLLIS CIR
20210932275,Permit Issued,Residential Single Family,13293 AMARYLLIS CIR
20210725765,Permit Issued,Residential Single Family,133 ANGOL ST
20210311029,Permit Issued,Residential Single Family,13303 COMMONWEALTH AVE
20220104249,Permit Issued,Residential Single Family,13314 APPLETON BLVD
20210724662,Permit Issued,Residential Single Family,13341 DRUMMOND AVE
20210827595,Permit Issued,Residential Single Family,13347 BOUVARDIA LN
20210827590,Permit Issued,Residential Single Family,13355 BOUVARDIA LN
20211244497,Permit Issued,Residential Single Family,13355 DEL RAY DR
20211141702,Permit Issued,Residential Single Family,13361 CLARENCE LN
20210310430,Permit Issued,Residential Single Family,13376 BLAKE DR
20211035439,Permit Issued,Residential Single Family,13407 CHENILLE DR
20220100496,Permit Issued,Residential Single Family,13414 COMMONWEALTH AVE
20211141553,Permit Issued,Residential Single Family,13427 BOABADILLA LN
20210308837,Permit Issued,Residential Single Family,13428 AMARYLLIS CIR
20211245301,Permit Issued,Residential Single Family,13434 AINSWORTH LN
20210413060,Permit Issued,Residential Single Family,13450 CAIN AVE
20211139392,Permit Issued,Residential Single Family,13458 ABUTILON LN
20210829629,Permit Issued,Residential Single Family,13472 BOATBILL LN
20210411617,Permit Issued,Residential Single Family,13473 BLAKE DR
20211038524,Permit Issued,Residential Single Family,13475 DRISCOLL AVE
20210101685,Permit Issued,Residential Single Family,13476 COMMONWEALTH AVE
20220101949,Permit Issued,Residential Single Family,1348 BLUE LAKE CIR
20210827599,Permit Issued,Residential Single Family,13480 BOATBILL LN
20211140806,Permit Issued,Residential Single Family,13539 DRISCOLL AVE
20211243549,Permit Issued,Residential Single Family,13545 BOATBILL LN
20210932321,Permit Issued,Residential Single Family,13575 DRYSDALE AVE
20210831335,Permit Issued,Residential Single Family,13583 COMMONWEALTH AVE
20211244617,Permit Issued,Residential Single Family,13654 ALLAMANDA CIR
20210829034,Permit Issued,Residential Single Family,13680 DRYSDALE AVE
20210827589,Permit Issued,Residential Single Family,13687 ALLAMANDA CIR
20210933542,Permit Issued,Residential Single Family,13758 BEGONIA CIR
20211141002,Permit Issued,Residential Single Family,13815 ALLAMANDA CIR
20210931737,Permit Issued,Residential Single Family,13831 BEGONIA CIR
20211037747,Permit Issued,Residential Single Family,1388 CAPRICORN BLVD
20210517113,Permit Issued,Residential Single Family,13931 ALLAMANDA CIR
20210307319,Permit Issued,Residential Single Family,14010 CLARISSA LN
20210516909,Permit Issued,Residential Single Family,14017 BANOS AVE
20210932263,Permit Issued,Residential Single Family,14018 BARBET LN
20211244594,Permit Issued,Residential Single Family,14029 CAIN AVE
20211139250,Permit Issued,Residential Single Family,14029 DUNLAP AVE
20210623068,Permit Issued,Residential Single Family,14044 EMERSON LN
20211245686,Permit Issued,Residential Single Family,1405 ANNETTE ST
20211142442,Permit Issued,Residential Single Family,14086 BARBET LN
20210622472,Permit Issued,Residential Single Family,14087 FILLMORE AVE
20220205694,Permit Issued,Residential Single Family,14093 EMERSON LN
20210932261,Permit Issued,Residential Single Family,14124 CHESSWOOD LN
20211141008,Permit Issued,Residential Single Family,14127 BARBET LN
20210933485,Permit Issued,Residential Single Family,14162 EDSEL DR
20210932255,Permit Issued,Residential Single Family,14173 BREEZEWAY AVE
20210931718,Permit Issued,Residential Single Family,14181 BREEZEWAY AVE
20210309440,Permit Issued,Residential Single Family,14201 BANOS AVE
20210621457,Permit Issued,Residential Single Family,14275 EDSEL DR
20210100819,Permit Issued,Residential Single Family,14282 AURELLA CIR
20210831388,Permit Issued,Residential Single Family,14305 AURELLA CIR
20211038821,Permit Issued,Residential Single Family,14308 AURELLA CIR
20220207684,Permit Issued,Residential Single Family,14327 AMESTOY AVE
20211036993,Permit Issued,Residential Single Family,1436 BISCAYNE DR
20211038377,Permit Issued,Residential Single Family,14367 EDSEL DR
20211242886,Permit Issued,Residential Single Family,14383 DAFOE ST
20210932727,Permit Issued,Residential Single Family,14449 CHAMBERLAIN BLVD
20211038107,Permit Issued,Residential Single Family,14533 DAHLGREN AVE
20220309035,Permit Issued,Residential Single Family,14548 CHERRY BLOSSOM WAY
20210830781,Permit Issued,Residential Single Family,1455 APPALOOSA ST
20220309037,Permit Issued,Residential Single Family,14556 CHERRY BLOSSOM WAY
20220309048,Permit Issued,Residential Single Family,14564 CHERRY BLOSSOM WAY
20220309053,Permit Issued,Residential Single Family,14572 CHERRY BLOSSOM WAY
20210311079,Permit Issued,Residential Single Family,1458 BEACON DR
20220309062,Permit Issued,Residential Single Family,14585 CHERRY BLOSSOM WAY
20220309057,Permit Issued,Residential Single Family,14593 CHERRY BLOSSOM WAY
20210931713,Permit Issued,Residential Single Family,146 AUSTRALIAN DR
20210934062,Permit Issued,Residential Single Family,14601 CHERRY BLOSSOM WAY
20210413512,Permit Issued,Residential Single Family,14649 CHERRY BLOSSOM WAY
20210413509,Permit Issued,Residential Single Family,14652 CHERRY BLOSSOM WAY
20210413518,Permit Issued,Residential Single Family,14657 CHERRY BLOSSOM WAY
20210623366,Permit Issued,Residential Single Family,14660 CHERRY BLOSSOM WAY
20210413522,Permit Issued,Residential Single Family,14665 CHERRY BLOSSOM WAY
20210623364,Permit Issued,Residential Single Family,14668 CHERRY BLOSSOM WAY
20210725927,Permit Issued,Residential Single Family,14673 CHERRY BLOSSOM WAY
20210623371,Permit Issued,Residential Single Family,14676 CHERRY BLOSSOM WAY
20210725933,Permit Issued,Residential Single Family,14681 CHERRY BLOSSOM WAY
20210623375,Permit Issued,Residential Single Family,14684 CHERRY BLOSSOM WAY
20210725939,Permit Issued,Residential Single Family,14689 CHERRY BLOSSOM WAY
20210934071,Permit Issued,Residential Single Family,14692 CHERRY BLOSSOM WAY
20210725948,Permit Issued,Residential Single Family,14697 CHERRY BLOSSOM WAY
20210934075,Permit Issued,Residential Single Family,14700 CHERRY BLOSSOM WAY
20210934063,Permit Issued,Residential Single Family,14705 CHERRY BLOSSOM WAY
20210934065,Permit Issued,Residential Single Family,14713 CHERRY BLOSSOM WAY
20210934088,Permit Issued,Residential Single Family,14716 CHERRY BLOSSOM WAY
20211035927,Permit Issued,Residential Single Family,14724 CHERRY BLOSSOM WAY
20211035925,Permit Issued,Residential Single Family,14732 CHERRY BLOSSOM WAY
20211035920,Permit Issued,Residential Single Family,14740 CHERRY BLOSSOM WAY
20211035912,Permit Issued,Residential Single Family,14748 CHERRY BLOSSOM WAY
20211035900,Permit Issued,Residential Single Family,14756 CHERRY BLOSSOM WAY
20211035896,Permit Issued,Residential Single Family,14764 CHERRY BLOSSOM WAY
20211035894,Permit Issued,Residential Single Family,14772 CHERRY BLOSSOM WAY
20211243301,Permit Issued,Residential Single Family,14780 CHERRY BLOSSOM WAY
20211243308,Permit Issued,Residential Single Family,14788 CHERRY BLOSSOM WAY
20211245781,Permit Issued,Residential Single Family,14796 CHERRY BLOSSOM WAY
20210831159,Permit Issued,Residential Single Family,148 BAYTREE DR
20210827921,Permit Issued,Residential Single Family,148 CORY ST
20211245784,Permit Issued,Residential Single Family,14804 CHERRY BLOSSOM WAY
20211245786,Permit Issued,Residential Single Family,14812 CHERRY BLOSSOM WAY
20211037827,Permit Issued,Residential Single Family,1483 ABEL ST
20210827568,Permit Issued,Residential Single Family,15 BANK CT
20210413198,Permit Issued,Residential Single Family,150 FAIRWAY RD
20210724988,Permit Issued,Residential Single Family,15013 AMSTERDAM AVE
20210518666,Permit Issued,Residential Single Family,15036 ACORN CIR
20210623600,Permit Issued,Residential Single Family,15060 AQUARIUS CIR
20210307161,Permit Issued,Residential Single Family,15073 ALDAMA CIR
20210102429,Permit Issued,Residential Single Family,15091 APPLETON BLVD
20210830175,Permit Issued,Residential Single Family,15098 BUSWELL AVE
20210518201,Permit Issued,Residential Single Family,151 DAY BREAK CIR
20211139069,Permit Issued,Residential Single Family,15106 COMMUNITY AVE
20210621170,Permit Issued,Residential Single Family,15122 COMMUNITY AVE
20210727370,Permit Issued,Residential Single Family,15123 APPLETON BLVD
20210517968,Permit Issued,Residential Single Family,15132 CHINOOK WAY
20220204678,Permit Issued,Residential Single Family,15139 APPLETON BLVD
20211037403,Permit Issued,Residential Single Family,15154 APPLETON BLVD
20211141472,Permit Issued,Residential Single Family,15158 AMSTERDAM AVE
20210727314,Permit Issued,Residential Single Family,15159 CHAMBERLAIN BLVD
20210516049,Permit Issued,Residential Single Family,15212 ALSASK CIR
20210933305,Permit Issued,Residential Single Family,15220 ALSASK CIR
20220100423,Permit Issued,Residential Single Family,15233 ALTURA RD
20210412385,Permit Issued,Residential Single Family,15248 ALDAMA CIR
20210724336,Permit Issued,Residential Single Family,15251 APPLETON BLVD
20211036211,Permit Issued,Residential Single Family,15260 CHINOOK WAY
20210727484,Permit Issued,Residential Single Family,15268 ALSASK CIR
20211141495,Permit Issued,Residential Single Family,15281 ALTURA RD
20210619712,Permit Issued,Residential Single Family,15284 CHINOOK WAY
20210517502,Permit Issued,Residential Single Family,15288 ALDAMA CIR
20210828624,Permit Issued,Residential Single Family,15291 APPLETON BLVD
20210725636,Permit Issued,Residential Single Family,153 EPPINGER DR
20210934422,Permit Issued,Residential Single Family,1530 BRIGHTWATER TER
20210622230,Permit Issued,Residential Single Family,15308 ACORN CIR
20210934767,Permit Issued,Residential Single Family,15324 ALSASK CIR
20210517847,Permit Issued,Residential Single Family,15326 ARON CIR
20210311119,Permit Issued,Residential Single Family,15329 ALDAMA CIR
20210203477,Permit Issued,Residential Single Family,15330 ADDAX AVE
20210516694,Permit Issued,Residential Single Family,15343 ACORN CIR
20210724049,Permit Issued,Residential Single Family,15350 ANCEL CIR
20210204279,Permit Issued,Residential Single Family,15364 ALSASK CIR
20210724291,Permit Issued,Residential Single Family,15375 BRAINBRIDGE CIR
20210203528,Permit Issued,Residential Single Family,15376 DEMAS AVE
20210308000,Permit Issued,Residential Single Family,15380 ALSASK CIR
20210933151,Permit Issued,Residential Single Family,154 BRIG CIR
20211038005,Permit Issued,Residential Single Family,1541 BISCAYNE DR
20211036868,Permit Issued,Residential Single Family,15410 AQUA CIR
20220101668,Permit Issued,Residential Single Family,15411 ALCOVE CIR
20210204363,Permit Issued,Residential Single Family,15411 AQUA CIR
20210828214,Permit Issued,Residential Single Family,15419 APPLETON BLVD
20210310789,Permit Issued,Residential Single Family,15422 ANCEL CIR
20210413655,Permit Issued,Residential Single Family,1544 BLUE LAKE CIR
20211142419,Permit Issued,Residential Single Family,15466 DEMAS AVE
20211139096,Permit Issued,Residential Single Family,15468 ALSACE CIR
20211142410,Permit Issued,Residential Single Family,15474 DEMAS AVE
20211141864,Permit Issued,Residential Single Family,15475 BUICK AVE
20210931976,Permit Issued,Residential Single Family,1549 BISCAYNE DR
20210516903,Permit Issued,Residential Single Family,15495 ANCEL CIR
20210518188,Permit Issued,Residential Single Family,15498 AQUA CIR
20210622126,Permit Issued,Residential Single Family,15507 ARON CIR
20211140646,Permit Issued,Residential Single Family,15519 BRAINBRIDGE CIR
20211141414,Permit Issued,Residential Single Family,15523 ARON CIR
20210413151,Permit Issued,Residential Single Family,15571 FACTORY AVE
20210622529,Permit Issued,Residential Single Family,15585 AQUA CIR
20211141815,Permit Issued,Residential Single Family,15585 BRAINBRIDGE CIR
20210413913,Permit Issued,Residential Single Family,15618 ARON CIR
20210411393,Permit Issued,Residential Single Family,15634 APPLEWHITE CIR
20211244628,Permit Issued,Residential Single Family,15650 ARON CIR
20210411838,Permit Issued,Residential Single Family,1569 DAVID PL
20210308105,Permit Issued,Residential Single Family,15690 AQUA CIR
20211036968,Permit Issued,Residential Single Family,15698 AQUA CIR
20210932223,Permit Issued,Residential Single Family,157 ANTIS DR
20210414964,Permit Issued,Residential Single Family,15707 APPLEWHITE CIR
20210932350,Permit Issued,Residential Single Family,15717 AUTRY CIR
20210310377,Permit Issued,Residential Single Family,15731 APPLEWHITE CIR
20210623650,Permit Issued,Residential Single Family,15739 APPLEWHITE CIR
20210724164,Permit Issued,Residential Single Family,15747 APPLEWHITE CIR
20210412626,Permit Issued,Residential Single Family,15749 AUTRY CIR
20210621860,Permit Issued,Residential Single Family,15761 ALDAMA CIR
20211139000,Permit Issued,Residential Single Family,15795 APPLEWHITE CIR
20210310230,Permit Issued,Residential Single Family,15803 APPLEWHITE CIR
20210621943,Permit Issued,Residential Single Family,15833 ALDAMA CIR
20210308375,Permit Issued,Residential Single Family,159 APRIL RD
20210307915,Permit Issued,Residential Single Family,16029 ARCARO AVE
20211243979,Permit Issued,Residential Single Family,16031 ALCIRA CIR
20211243822,Permit Issued,Residential Single Family,16068 BADALONA DR
20210831235,Permit Issued,Residential Single Family,16074 DINAL DR
20211244813,Permit Issued,Residential Single Family,16086 ALCIRA CIR
20210308303,Permit Issued,Residential Single Family,16086 CHITLAN CT
20211038759,Permit Issued,Residential Single Family,161 CHAMPION ST
20220104302,Permit Issued,Residential Single Family,16100 BADALONA DR
20220204333,Permit Issued,Residential Single Family,16121 ALCIRA CIR
20210101918,Permit Issued,Residential Single Family,16146 DINAL DR
20210931780,Permit Issued,Residential Single Family,16152 ALCIRA CIR
20210413805,Permit Issued,Residential Single Family,16153 ALCIRA CIR
20220204703,Permit Issued,Residential Single Family,16177 ALCIRA CIR
20211037182,Permit Issued,Residential Single Family,16196 CAYMAN LN
20210724411,Permit Issued,Residential Single Family,162 EDGEMERE ST
20210516344,Permit Issued,Residential Single Family,1620 BLASER ST
20210830938,Permit Issued,Residential Single Family,16201 ALCIRA CIR
20210934851,Permit Issued,Residential Single Family,16207 BRANCO DR
20210726830,Permit Issued,Residential Single Family,16215 BRANCO DR
20210308796,Permit Issued,Residential Single Family,16232 CAYMAN LN
20220104287,Permit Issued,Residential Single Family,16243 CAYMAN LN
20211246047,Permit Issued,Residential Single Family,16252 BRANCO DR
20211140120,Permit Issued,Residential Single Family,1626 BLUE LAKE CIR
20211242851,Permit Issued,Residential Single Family,16261 CAPE HORN BLVD
20210621749,Permit Issued,Residential Single Family,16282 ALCIRA CIR
20220308865,Permit Issued,Residential Single Family,16283 ALCIRA CIR
20210413807,Permit Issued,Residential Single Family,16284 BRANCO DR
20210830488,Permit Issued,Residential Single Family,163 BROADMOOR LN
20220103308,Permit Issued,Residential Single Family,16368 BRANCO DR
20220102296,Permit Issued,Residential Single Family,16376 BRANCO DR
20211035399,Permit Issued,Residential Single Family,16377 BRANCO DR
20210831119,Permit Issued,Residential Single Family,16387 ALCIRA CIR
20211142039,Permit Issued,Residential Single Family,16426 BAUERS AVE
20210934787,Permit Issued,Residential Single Family,16426 BECASSE DR
20220308860,Permit Issued,Residential Single Family,16439 AYSON WAY
20211244824,Permit Issued,Residential Single Family,16451 BECASSE DR
20210723771,Permit Issued,Residential Single Family,16459 CHAMBERLAIN BLVD
20211245530,Permit Issued,Residential Single Family,16506 CAPE HORN BLVD
20211243985,Permit Issued,Residential Single Family,16562 BECASSE DR
20210413319,Permit Issued,Residential Single Family,16801 CELEBRATION DR
20220208248,Permit Issued,Residential Single Family,16806 CAYO KEY DR
20210414348,Permit Issued,Residential Single Family,16806 CELEBRATION DR
20210412673,Permit Issued,Residential Single Family,16813 CELEBRATION DR
20210724071,Permit Issued,Residential Single Family,16818 CANOPY GARDEN DR
20220208251,Permit Issued,Residential Single Family,16818 CAYO KEY DR
20210620831,Permit Issued,Residential Single Family,16818 CELEBRATION DR
20210724070,Permit Issued,Residential Single Family,16824 CANOPY GARDEN DR
20220208242,Permit Issued,Residential Single Family,16824 CAYO KEY DR
20210620449,Permit Issued,Residential Single Family,16824 CELEBRATION DR
20211140856,Permit Issued,Residential Single Family,16830 CANOPY GARDEN DR
20210725091,Permit Issued,Residential Single Family,16831 CELEBRATION DR
20210724072,Permit Issued,Residential Single Family,16836 CANOPY GARDEN DR
20210827550,Permit Issued,Residential Single Family,16842 CANOPY GARDEN DR
20220208254,Permit Issued,Residential Single Family,16842 CAYO KEY DR
20210724310,Permit Issued,Residential Single Family,16842 CELEBRATION DR
20210725199,Permit Issued,Residential Single Family,16843 CELEBRATION DR
20210827549,Permit Issued,Residential Single Family,16848 CANOPY GARDEN DR
20220208260,Permit Issued,Residential Single Family,16848 CAYO KEY DR
20211035725,Permit Issued,Residential Single Family,16848 CELEBRATION DR
20220208266,Permit Issued,Residential Single Family,16854 CAYO KEY DR
20211037723,Permit Issued,Residential Single Family,16854 CELEBRATION DR
20211139120,Permit Issued,Residential Single Family,16855 CELEBRATION DR
20211139121,Permit Issued,Residential Single Family,16860 CELEBRATION DR
20211037725,Permit Issued,Residential Single Family,16861 CELEBRATION DR
20211037476,Permit Issued,Residential Single Family,16883 ACAPULCO RD
20210101453,Permit Issued,Residential Single Family,16900 ACAPULCO RD
20210623428,Permit Issued,Residential Single Family,17065 FALLKIRK AVE
20211035825,Permit Issued,Residential Single Family,17083 BERWIN AVE
20211037987,Permit Issued,Residential Single Family,17086 CYNTHIA LN
20210518486,Permit Issued,Residential Single Family,171 ANNAPOLIS LN
20211139234,Permit Issued,Residential Single Family,17104 FALLKIRK AVE
20210412077,Permit Issued,Residential Single Family,17122 BARCREST LN
20210727474,Permit Issued,Residential Single Family,17159 ARTHUR AVE
20210621625,Permit Issued,Residential Single Family,17319 BAYHARBOR CIR
20211038066,Permit Issued,Residential Single Family,17330 CAPE HORN BLVD
20210934008,Permit Issued,Residential Single Family,17337 BILLIAR AVE
20210827543,Permit Issued,Residential Single Family,17339 BAYHARBOR CIR
20210517384,Permit Issued,Residential Single Family,17374 BAYHARBOR CIR
20211243390,Permit Issued,Residential Single Family,17412 COX AVE
20211038594,Permit Issued,Residential Single Family,17447 EDGEWATER DR
20220101537,Permit Issued,Residential Single Family,17456 CAYO LN
20210309369,Permit Issued,Residential Single Family,17457 BILLIAR AVE
20211142562,Permit Issued,Residential Single Family,17481 BELIE WAY
20210414428,Permit Issued,Residential Single Family,17527 CUILLAGAN CT
20210205286,Permit Issued,Residential Single Family,176 APOLLO DR
20210205292,Permit Issued,Residential Single Family,178 APOLLO DR
20211140372,Permit Issued,Residential Single Family,179 ADALIA TER
20210411471,Permit Issued,Residential Single Family,18041 CONNOLLY AVE
20211244868,Permit Issued,Residential Single Family,18063 EBER AVE
20211038595,Permit Issued,Residential Single Family,18077 ARDMORE AVE
20210726212,Permit Issued,Residential Single Family,18086 ARDMORE AVE
20210827546,Permit Issued,Residential Single Family,18091 AVONSDALE CIR
20210414756,Permit Issued,Residential Single Family,18141 AVONSDALE CIR
20211245540,Permit Issued,Residential Single Family,18157 DICKENS AVE
20210934682,Permit Issued,Residential Single Family,18166 ARDMORE AVE
20210935123,Permit Issued,Residential Single Family,18189 DILLON AVE
20210518646,Permit Issued,Residential Single Family,18258 BLY AVE
20210934703,Permit Issued,Residential Single Family,18294 AVON AVE
20210828203,Permit Issued,Residential Single Family,18363 EBLIS AVE
20210827713,Permit Issued,Residential Single Family,18395 EVENGLOW AVE
20210307892,Permit Issued,Residential Single Family,184 FAIRWAY RD
20210727068,Permit Issued,Residential Single Family,18406 AVON AVE
20211245498,Permit Issued,Residential Single Family,18416 BUTTERCUP AVE
20210309020,Permit Issued,Residential Single Family,18424 BLANCHE AVE
20210413975,Permit Issued,Residential Single Family,18439 ELGIN AVE
20210309276,Permit Issued,Residential Single Family,18446 ARAPAHOE CIR
20210519323,Permit Issued,Residential Single Family,18486 ARAPAHOE CIR
20211038925,Permit Issued,Residential Single Family,186 DUNLO ST
20220102122,Permit Issued,Residential Single Family,18782 ACKERMAN AVE
20211141817,Permit Issued,Residential Single Family,18850 ASHCROFT CIR
20211037503,Permit Issued,Residential Single Family,18946 AYRSHIRE CIR
20210415074,Permit Issued,Residential Single Family,191 CASTILE CT
20211035745,Permit Issued,Residential Single Family,19147 AVIATION CT
20210619855,Permit Issued,Residential Single Family,19154 AVIATION CT
20210933950,Permit Issued,Residential Single Family,19154 BRANDON AVE
20210515731,Permit Issued,Residential Single Family,19162 AVIATION CT
20210412697,Permit Issued,Residential Single Family,1920 EAST ISLES RD
20220207937,Permit Issued,Residential Single Family,19218 BRANDON AVE
20210932243,Permit Issued,Residential Single Family,193 ANTIS DR
20210516991,Permit Issued,Residential Single Family,1932 EAST ISLES RD
20210726982,Permit Issued,Residential Single Family,1938 EAST ISLES RD
20210203589,Permit Issued,Residential Single Family,194 EVARO DR
20210727218,Permit Issued,Residential Single Family,1944 EAST ISLES RD
20210412702,Permit Issued,Residential Single Family,1945 EAST ISLES RD
20210517002,Permit Issued,Residential Single Family,1951 EAST ISLES RD
20210517011,Permit Issued,Residential Single Family,1957 EAST ISLES RD
20210726974,Permit Issued,Residential Single Family,1963 EAST ISLES RD
20210726770,Permit Issued,Residential Single Family,1969 EAST ISLES RD
20211140604,Permit Issued,Residential Single Family,197 ANTIS DR
20210727202,Permit Issued,Residential Single Family,197 BOA VISTA ST
20210205652,Permit Issued,Residential Single Family,197 FERDON CIR
20210932892,Permit Issued,Residential Single Family,1975 EAST ISLES RD
20210932893,Permit Issued,Residential Single Family,1981 EAST ISLES RD
20210932981,Permit Issued,Residential Single Family,1987 EAST ISLES RD
20210205152,Permit Issued,Residential Single Family,199 BRIG CIR
20210932983,Permit Issued,Residential Single Family,1993 EAST ISLES RD
20210932986,Permit Issued,Residential Single Family,1999 EAST ISLES RD
20211038093,Permit Issued,Residential Single Family,2 AMBERJACK PL
20210931638,Permit Issued,Residential Single Family,200 ARCH DR
20210932984,Permit Issued,Residential Single Family,2005 EAST ISLES RD
20210101503,Permit Issued,Residential Single Family,201 BROADMOOR LN
20210827712,Permit Issued,Residential Single Family,20172 ELROSE AVE
20211036064,Permit Issued,Residential Single Family,202 FERGUSON ST
20211037664,Permit Issued,Residential Single Family,20223 BLAINE AVE
20211036664,Permit Issued,Residential Single Family,20247 BENTON AVE
20211242713,Permit Issued,Residential Single Family,20253 ASTORIA AVE
20210830752,Permit Issued,Residential Single Family,20254 BENTON AVE
20220206743,Permit Issued,Residential Single Family,20294 BANNER AVE
20210519135,Permit Issued,Residential Single Family,2030 CARPETGREEN ST
20211038572,Permit Issued,Residential Single Family,2033 CEDARWOOD ST
20211140340,Permit Issued,Residential Single Family,204 COUGAR WAY
20211036345,Permit Issued,Residential Single Family,2040 BENDWAY DR
20210827556,Permit Issued,Residential Single Family,2048 CALCUTTA RD
20210622092,Permit Issued,Residential Single Family,2065 ARKANSAS AVE
20210827554,Permit Issued,Residential Single Family,207 ANGOL ST
20211242821,Permit Issued,Residential Single Family,207 COUGAR WAY
20210932646,Permit Issued,Residential Single Family,2072 ELLERY ST
20210726765,Permit Issued,Residential Single Family,2079 CARPETGREEN ST
20211036595,Permit Issued,Residential Single Family,2080 ELLERY ST
20210827638,Permit Issued,Residential Single Family,21040 EVANSTON AVE
20211037612,Permit Issued,Residential Single Family,21094 FIRWOOD TER
20210516874,Permit Issued,Residential Single Family,2115 FLAGSTAFF DR
20211244387,Permit Issued,Residential Single Family,21151 COTTONWOOD AVE
20210309735,Permit Issued,Residential Single Family,2116 BAY DR
20210518507,Permit Issued,Residential Single Family,21169 ALDERSON AVE
20211037340,Permit Issued,Residential Single Family,21176 CHATBURN AVE
20220100194,Permit Issued,Residential Single Family,212 ANTIS DR
20211037773,Permit Issued,Residential Single Family,2120 BASIN ST
20210831192,Permit Issued,Residential Single Family,21357 EDGEWATER DR
20210621232,Permit Issued,Residential Single Family,2137 ADIRONDACK LN
20210829738,Permit Issued,Residential Single Family,21436 DAWSON AVE
20210309099,Permit Issued,Residential Single Family,21495 FAIRWAY AVE
20211036629,Permit Issued,Residential Single Family,21511 FAIRWAY AVE
20211140956,Permit Issued,Residential Single Family,21535 CHIPMAN AVE
20210411388,Permit Issued,Residential Single Family,2170 DOOLITTLE LN
20210414329,Permit Issued,Residential Single Family,2187 BERMUDA ST
20211242849,Permit Issued,Residential Single Family,219 ANTILLA DR
20220309188,Permit Issued,Residential Single Family,219 AUSTRALIAN DR
20210518503,Permit Issued,Residential Single Family,221 ANNAPOLIS LN
20211140241,Permit Issued,Residential Single Family,221 EVERGREEN ST
20210829772,Permit Issued,Residential Single Family,222 CASTILE CT
20210830785,Permit Issued,Residential Single Family,22206 ESPLANADE AVE
20220103875,Permit Issued,Residential Single Family,22312 BUFFALO AVE
20210518440,Permit Issued,Residential Single Family,22341 ELMIRA BLVD
20220102267,Permit Issued,Residential Single Family,224 ANTILLA DR
20211036049,Permit Issued,Residential Single Family,22411 CHERYL AVE
20210205696,Permit Issued,Residential Single Family,22457 ESPLANADE AVE
20211139421,Permit Issued,Residential Single Family,22461 ADORN AVE
20210828590,Permit Issued,Residential Single Family,2247 CORNELIUS BLVD
20210517388,Permit Issued,Residential Single Family,22497 AMIGO AVE
20210517712,Permit Issued,Residential Single Family,225 CADDY RD
20210310676,Permit Issued,Residential Single Family,22584 ALCORN AVE
20210831109,Permit Issued,Residential Single Family,227 BROADMOOR LN
20210310688,Permit Issued,Residential Single Family,2273 FIRESTONE DR
20210623278,Permit Issued,Residential Single Family,2277 BEURKET ST
20210308391,Permit Issued,Residential Single Family,228 BALDUR DR
20210310685,Permit Issued,Residential Single Family,2281 FIRESTONE DR
20210829198,Permit Issued,Residential Single Family,2284 COLLINGSWOOD BLVD
20210827548,Permit Issued,Residential Single Family,2289 FIRESTONE DR
20210827581,Permit Issued,Residential Single Family,23 BINNACLE RD
20211140846,Permit Issued,Residential Single Family,23087 CHERRY AVE
20210932692,Permit Issued,Residential Single Family,23089 BREWER AVE
20210622909,Permit Issued,Residential Single Family,23096 BRADFORD AVE
20210516500,Permit Issued,Residential Single Family,23096 BREWER AVE
20211140848,Permit Issued,Residential Single Family,23111 CHERRY AVE
20210310684,Permit Issued,Residential Single Family,2314 FIRESTONE DR
20211037945,Permit Issued,Residential Single Family,23188 AVACADO AVE
20210515797,Permit Issued,Residential Single Family,232 ARLINGTON DR
20220206593,Permit Issued,Residential Single Family,23223 ABRADE AVE
20210932897,Permit Issued,Residential Single Family,23224 ADELA AVE
20210414992,Permit Issued,Residential Single Family,23241 ABELINE AVE
20210309290,Permit Issued,Residential Single Family,23246 ABELINE AVE
20210519049,Permit Issued,Residential Single Family,23276 AVACADO AVE
20210310692,Permit Issued,Residential Single Family,23323 BILLINGS AVE
20210933429,Permit Issued,Residential Single Family,2339 BAIRD ST
20211038592,Permit Issued,Residential Single Family,23412 CEDARTON AVE
20210723707,Permit Issued,Residential Single Family,23419 ABERDEEN AVE
20211037623,Permit Issued,Residential Single Family,23440 CORINNE AVE
20210723915,Permit Issued,Residential Single Family,23460 ARLO AVE
20220103924,Permit Issued,Residential Single Family,23461 ARLO AVE
20210934164,Permit Issued,Residential Single Family,23463 ALTMAN AVE
20210622494,Permit Issued,Residential Single Family,23476 CHIMES AVE
20210307285,Permit Issued,Residential Single Family,23494 ALTMAN AVE
20210934167,Permit Issued,Residential Single Family,23512 ALTMAN AVE
20210727160,Permit Issued,Residential Single Family,23521 AVACADO AVE
20210727473,Permit Issued,Residential Single Family,2368 DODGE ST
20210934034,Permit Issued,Residential Single Family,237 CAMPINAS ST
20210830137,Permit Issued,Residential Single Family,240 FAIRWAY RD
20211244397,Permit Issued,Residential Single Family,24051 BUNDY CT
20210830929,Permit Issued,Residential Single Family,241 ARLINGTON DR
20211243881,Permit Issued,Residential Single Family,2417 CROCKETT ST
20210831302,Permit Issued,Residential Single Family,24171 CUMAN CT
20210516952,Permit Issued,Residential Single Family,24172 CUMAN CT
20210830136,Permit Issued,Residential Single Family,242 FAIRWAY RD
20210203644,Permit Issued,Residential Single Family,24242 CAPTAIN KIDD BLVD
20211243409,Permit Issued,Residential Single Family,2425 CROCKETT ST
20211244846,Permit Issued,Residential Single Family,24279 BLACKBEARD BLVD
20210931694,Permit Issued,Residential Single Family,24312 CAPTAIN KIDD BLVD
20210622584,Permit Issued,Residential Single Family,24317 BUCCANEER BLVD
20210934881,Permit Issued,Residential Single Family,24439 COFFIELD CT
20210727163,Permit Issued,Residential Single Family,24461 CABANA RD
20210935072,Permit Issued,Residential Single Family,2451 AUBURN BLVD
20211244021,Permit Issued,Residential Single Family,247 ANTIS DR
20210725780,Permit Issued,Residential Single Family,247 CAMPINAS ST
20210934810,Permit Issued,Residential Single Family,2492 DIXON TER
20210309615,Permit Issued,Residential Single Family,2498 COMO ST
20210516511,Permit Issued,Residential Single Family,2503 DIGBY CT
20210519150,Permit Issued,Residential Single Family,25038 DOREDO DR
20210830983,Permit Issued,Residential Single Family,25093 ESTRADA CIR
20210830979,Permit Issued,Residential Single Family,25112 ESTRADA CIR
20210831237,Permit Issued,Residential Single Family,25126 ALCAZAR DR
20220204808,Permit Issued,Residential Single Family,25149 ESTRADA CIR
20211243745,Permit Issued,Residential Single Family,25157 ALCAZAR DR
20210831150,Permit Issued,Residential Single Family,25171 DOREDO DR
20210516461,Permit Issued,Residential Single Family,25221 CADIZ DR
20210931782,Permit Issued,Residential Single Family,25234 ESTRADA CIR
20210831240,Permit Issued,Residential Single Family,25245 DELGADO DR
20210933349,Permit Issued,Residential Single Family,25248 DERRINGER RD
20220104297,Permit Issued,Residential Single Family,25276 ALCAZAR DR
20210932584,Permit Issued,Residential Single Family,25291 COMPANA CT
20210727417,Permit Issued,Residential Single Family,25292 ESTRADA CIR
20210831151,Permit Issued,Residential Single Family,25303 ALCAZAR DR
20211243294,Permit Issued,Residential Single Family,25314 BIGLEAF TER
20211243316,Permit Issued,Residential Single Family,25317 BIGLEAF TER
20211243824,Permit Issued,Residential Single Family,25319 ALCAZAR DR
20211243286,Permit Issued,Residential Single Family,25322 BIGLEAF TER
20210831153,Permit Issued,Residential Single Family,25332 BARQUE POINT DR
20210931934,Permit Issued,Residential Single Family,25339 ALICANTE DR
20211140399,Permit Issued,Residential Single Family,25340 BARQUE POINT DR
20210831224,Permit Issued,Residential Single Family,25356 ALICANTE DR
20210726837,Permit Issued,Residential Single Family,25367 BARQUE POINT DR
20210933493,Permit Issued,Residential Single Family,25393 AYSEN DR
20210831120,Permit Issued,Residential Single Family,25396 BARQUE POINT DR
20211038340,Permit Issued,Residential Single Family,25399 DEEP CREEK BLVD
20220308870,Permit Issued,Residential Single Family,25404 BARQUE POINT DR
20210310795,Permit Issued,Residential Single Family,25404 EAST LENOX CIR
20210831233,Permit Issued,Residential Single Family,25412 BARQUE POINT DR
20211140986,Permit Issued,Residential Single Family,25419 ALICANTE DR
20210725813,Permit Issued,Residential Single Family,25434 COLON DR
20210934639,Permit Issued,Residential Single Family,25434 DOREDO DR
20220101303,Permit Issued,Residential Single Family,25442 COLON DR
20210829555,Permit Issued,Residential Single Family,25443 ESTRADA CIR
20210620018,Permit Issued,Residential Single Family,25453 AVILLAS CT
20210831228,Permit Issued,Residential Single Family,25462 ESTRADA CIR
20211243738,Permit Issued,Residential Single Family,25463 BANDITO CT
20210829560,Permit Issued,Residential Single Family,25483 ESTRADA CIR
20210831154,Permit Issued,Residential Single Family,25506 DOREDO DR
20210203571,Permit Issued,Residential Single Family,25532 DEEP CREEK BLVD
20210931965,Permit Issued,Residential Single Family,25612 DEEP CREEK BLVD
20210724065,Permit Issued,Residential Single Family,25648 DEEP CREEK BLVD
20220100721,Permit Issued,Residential Single Family,25772 AYSEN DR
20210829573,Permit Issued,Residential Single Family,25920 AYSEN DR
20210828994,Permit Issued,Residential Single Family,25937 AYSEN DR
20210934663,Permit Issued,Residential Single Family,26039 ANCUDA DR
20211139446,Permit Issued,Residential Single Family,26099 COPIAPO CIR
20220204610,Permit Issued,Residential Single Family,261 DAY BREAK CIR
20210935058,Permit Issued,Residential Single Family,26117 COPIAPO CIR
20210310998,Permit Issued,Residential Single Family,26187 BARCELOS CT
20211140117,Permit Issued,Residential Single Family,26209 BARCELOS CT
20210203629,Permit Issued,Residential Single Family,2621 CAMELLIA TER
20210933999,Permit Issued,Residential Single Family,26216 DEER RD
20210413349,Permit Issued,Residential Single Family,26313 DEER RD
20210311083,Permit Issued,Residential Single Family,26344 BARBINOS DR
20211142493,Permit Issued,Residential Single Family,26361 EAGER RD
20210518992,Permit Issued,Residential Single Family,26387 BARBINOS DR
20211242828,Permit Issued,Residential Single Family,264 ALBATROSS RD
20210102376,Permit Issued,Residential Single Family,26456 DEEP CREEK BLVD
20210621743,Permit Issued,Residential Single Family,26464 DEEP CREEK BLVD
20210620986,Permit Issued,Residential Single Family,26487 DEEP CREEK BLVD
20210519183,Permit Issued,Residential Single Family,26490 COPIAPO CIR
20210621441,Permit Issued,Residential Single Family,26490 DEEP CREEK BLVD
20210934530,Permit Issued,Residential Single Family,26537 COPIAPO CIR
20210621269,Permit Issued,Residential Single Family,26567 DEEP CREEK BLVD
20210725588,Permit Issued,Residential Single Family,266 BRIG CIR
20210412118,Permit Issued,Residential Single Family,268 AVANTI ST
20210310675,Permit Issued,Residential Single Family,269 ALLWORTHY ST
20210827633,Permit Issued,Residential Single Family,269 BRIG CIR
20210725068,Permit Issued,Residential Single Family,27052 CURITIBA DR
20210623320,Permit Issued,Residential Single Family,27063 FAIRWAY DR
20210516467,Permit Issued,Residential Single Family,27104 CURITIBA DR
20210311078,Permit Issued,Residential Single Family,27110 CURITIBA DR
20220207845,Permit Issued,Residential Single Family,27128 ALOHA DR
20211035427,Permit Issued,Residential Single Family,2722 CHAPMAN BLVD
20210204015,Permit Issued,Residential Single Family,27234 ADAMS ST
20210415122,Permit Issued,Residential Single Family,27256 DEEP CREEK BLVD
20210620807,Permit Issued,Residential Single Family,27295 CHINQUAPIN DR
20210308410,Permit Issued,Residential Single Family,27343 DEEP CREEK BLVD
20210311081,Permit Issued,Residential Single Family,27350 DEEP CREEK BLVD
20220101865,Permit Issued,Residential Single Family,27414 DEEP CREEK BLVD
20210623641,Permit Issued,Residential Single Family,27430 DEEP CREEK BLVD
20211037989,Permit Issued,Residential Single Family,27438 DEEP CREEK BLVD
20211243026,Permit Issued,Residential Single Family,27489 DEEP CREEK BLVD
20220103046,Permit Issued,Residential Single Family,27569 CITATION TER
20210932247,Permit Issued,Residential Single Family,280 AUSTRALIAN DR
20210620832,Permit Issued,Residential Single Family,28051 CHINQUAPIN DR
20211243993,Permit Issued,Residential Single Family,283 BAYTREE DR
20211038217,Permit Issued,Residential Single Family,284 AUSTRALIAN DR
20210413697,Permit Issued,Residential Single Family,286 ABELARD ST
20210307263,Permit Issued,Residential Single Family,2876 CABARET ST
20220102256,Permit Issued,Residential Single Family,289 ALBATROSS RD
20210308963,Permit Issued,Residential Single Family,291 CAMROSE ST
20210726957,Permit Issued,Residential Single Family,294 BOLENDER ST
20210932038,Permit Issued,Residential Single Family,299 BAYTREE DR
20211035486,Permit Issued,Residential Single Family,3000 BROADPOINT DR
20210830257,Permit Issued,Residential Single Family,30034 ALDER RD
20210830830,Permit Issued,Residential Single Family,30042 ALDER RD
20220102153,Permit Issued,Residential Single Family,30064 ALDER RD
20220103547,Permit Issued,Residential Single Family,30072 ALDER RD
20210308351,Permit Issued,Residential Single Family,30095 ALDER RD
20210516208,Permit Issued,Residential Single Family,3022 CONWAY BLVD
20210726952,Permit Issued,Residential Single Family,303 BOLENDER ST
20210619967,Permit Issued,Residential Single Family,3030 N BEACH RD
20210413239,Permit Issued,Residential Single Family,30398 BEECH RD
20210310546,Permit Issued,Residential Single Family,3112 CABARET ST
20211038583,Permit Issued,Residential Single Family,312 BARCELONA ST
20210829123,Permit Issued,Residential Single Family,313 BOLENDER ST
20210727478,Permit Issued,Residential Single Family,3204 AUBURN BLVD
20210830568,Permit Issued,Residential Single Family,32101 CREEK TRL
20210311077,Permit Issued,Residential Single Family,3217 CARDIFF ST
20210831444,Permit Issued,Residential Single Family,3225 AMANDA ST
20210310320,Permit Issued,Residential Single Family,3230 BUNKER HILL ST
20210831248,Permit Issued,Residential Single Family,3240 ASH ST
20211242687,Permit Issued,Residential Single Family,328 CASALE G ST
20210306884,Permit Issued,Residential Single Family,33 CLUBHOUSE PL
20210932203,Permit Issued,Residential Single Family,33 COXSWAINE CIR
20210621643,Permit Issued,Residential Single Family,334 AZALEA AVE
20220100185,Permit Issued,Residential Single Family,336 CASALE G ST
20210620713,Permit Issued,Residential Single Family,339 BAYTREE DR
20210307889,Permit Issued,Residential Single Family,340 ALLWORTHY ST
20220100955,Permit Issued,Residential Single Family,3448 EL SALVADOR RD
20210724468,Permit Issued,Residential Single Family,346 BARCELONA ST
20211035785,Permit Issued,Residential Single Family,346 BAYTREE DR
20210932059,Permit Issued,Residential Single Family,3482 DUNKIRK ST
20220103179,Permit Issued,Residential Single Family,3572 COMO ST
20211243509,Permit Issued,Residential Single Family,359 CORNELIUS BLVD
20211243176,Permit Issued,Residential Single Family,361 BAYTREE DR
20220102253,Permit Issued,Residential Single Family,369 BILTMORE ST
20210828557,Permit Issued,Residential Single Family,377 BILTMORE ST
20210828983,Permit Issued,Residential Single Family,386 BIRCHCREST BLVD
20210828689,Permit Issued,Residential Single Family,394 BIRCHCREST BLVD
20211246026,Permit Issued,Residential Single Family,397 DONIPHAN DR
20210831265,Permit Issued,Residential Single Family,399 BAHIA GRANDE AVE
20210516510,Permit Issued,Residential Single Family,4 BROADMOOR LN
20210517181,Permit Issued,Residential Single Family,40 BRIG CIR
20211038108,Permit Issued,Residential Single Family,4000 CAPE HAZE DR
20210623496,Permit Issued,Residential Single Family,401 ALBATROSS RD
20210727027,Permit Issued,Residential Single Family,401 CALENDAR ST
20210623658,Permit Issued,Residential Single Family,410 CORAL CREEK DR
20210517873,Permit Issued,Residential Single Family,4110 ENCLAVE PL
20210623664,Permit Issued,Residential Single Family,4120 ENCLAVE PL
20210829376,Permit Issued,Residential Single Family,4163 BARNES LN
20210308964,Permit Issued,Residential Single Family,4185 AMOROSO ST
20210307628,Permit Issued,Residential Single Family,4193 AMOROSO ST
20211243169,Permit Issued,Residential Single Family,420 ALBATROSS RD
20210831208,Permit Issued,Residential Single Family,4211 EASTLAKE CT
20211245247,Permit Issued,Residential Single Family,4220 CAPE HAZE DR
20210726948,Permit Issued,Residential Single Family,425 BURNING TREE LN
20210723776,Permit Issued,Residential Single Family,432 ELLINGTON ST
20220100475,Permit Issued,Residential Single Family,4414 ALMAR DR
20220205265,Permit Issued,Residential Single Family,445 BOUNDARY BLVD
20210828714,Permit Issued,Residential Single Family,4455 CALLAWAY ST
20210932004,Permit Issued,Residential Single Family,4463 CALLAWAY ST
20210411770,Permit Issued,Residential Single Family,447 BOUNDARY BLVD
20210830519,Permit Issued,Residential Single Family,458 BOUNDARY BLVD
20210518117,Permit Issued,Residential Single Family,463 BOWMAN TER
20220207922,Permit Issued,Residential Single Family,46300 BERMONT RD
20210622709,Permit Issued,Residential Single Family,468 BOUNDARY BLVD
20210519344,Permit Issued,Residential Single Family,479 BOUNDARY BLVD
20210203695,Permit Issued,Residential Single Family,48 CLUBHOUSE CT
20210623608,Permit Issued,Residential Single Family,4800 ALMAR DR
20210619827,Permit Issued,Residential Single Family,49 CLUBHOUSE RD
20210726955,Permit Issued,Residential Single Family,501 BOLENDER ST
20220100067,Permit Issued,Residential Single Family,507 BOUNDARY BLVD
20220103170,Permit Issued,Residential Single Family,51 BUNKER CT
20211036971,Permit Issued,Residential Single Family,517 BISCAYNE DR
20211245736,Permit Issued,Residential Single Family,5192 ELLSWORTH TER
20210205457,Permit Issued,Residential Single Family,5216 ELLSWORTH TER
20210307733,Permit Issued,Residential Single Family,5250 FLEMING ST
20210205462,Permit Issued,Residential Single Family,5261 CHANDLER TER
20210931715,Permit Issued,Residential Single Family,5266 CRESTLINE TER
20210518558,Permit Issued,Residential Single Family,527 DARST AVE
20210204854,Permit Issued,Residential Single Family,530 CORRIENTES CIR
20210620167,Permit Issued,Residential Single Family,5331 EVEREST TER
20210206494,Permit Issued,Residential Single Family,5348 EVEREST TER
20220204492,Permit Issued,Residential Single Family,535 CORAL CREEK DR
20210206519,Permit Issued,Residential Single Family,5371 FLEMING ST
20210516943,Permit Issued,Residential Single Family,5379 CHARD TER
20210932164,Permit Issued,Residential Single Family,5387 CHARD TER
20210204166,Permit Issued,Residential Single Family,5389 DAYTON LN
20210101760,Permit Issued,Residential Single Family,5396 BEARUP ST
20210205482,Permit Issued,Residential Single Family,5405 BEARUP ST
20210935065,Permit Issued,Residential Single Family,5406 CRAIG TER
20210620394,Permit Issued,Residential Single Family,5410 FARLEY ST
20210620873,Permit Issued,Residential Single Family,5412 DAVID BLVD
20210725667,Permit Issued,Residential Single Family,5472 ASHWOOD RD
20211036645,Permit Issued,Residential Single Family,55 ATWATER ST
20210412063,Permit Issued,Residential Single Family,5550 EYERLY TER
20210620433,Permit Issued,Residential Single Family,566 CORRIENTES CIR
20210413942,Permit Issued,Residential Single Family,58 CLUBHOUSE RD
20210412658,Permit Issued,Residential Single Family,580 ADALIA TER
20210620434,Permit Issued,Residential Single Family,590 ENCARNACION ST
20210205638,Permit Issued,Residential Single Family,596 CORRIENTES CIR
20210310871,Permit Issued,Residential Single Family,5960 ACORN RANCH RD
20210935063,Permit Issued,Residential Single Family,5979 DAVID BLVD
20210413828,Permit Issued,Residential Single Family,6 BAIL CT
20211036476,Permit Issued,Residential Single Family,6 BUNKER CIR
20210412136,Permit Issued,Residential Single Family,6 DUCK CT
20210828102,Permit Issued,Residential Single Family,6 FAIRWAY RD
20210724034,Permit Issued,Residential Single Family,6002 DAVID BLVD
20211036876,Permit Issued,Residential Single Family,6003 DAVID BLVD
20211141226,Permit Issued,Residential Single Family,601 BONITA CT
20211037722,Permit Issued,Residential Single Family,6011 DAVID BLVD
20210623078,Permit Issued,Residential Single Family,6040 ACORN BLVD
20210725376,Permit Issued,Residential Single Family,6042 ALAN BLVD
20210310208,Permit Issued,Residential Single Family,6098 DAVID BLVD
20211141863,Permit Issued,Residential Single Family,611 BOCILLA DR
20210516656,Permit Issued,Residential Single Family,615 ENCARNACION ST
20210831247,Permit Issued,Residential Single Family,6177 FEISE ST
20220207920,Permit Issued,Residential Single Family,62 ANNAPOLIS LN
20210827727,Permit Issued,Residential Single Family,62 CLUBHOUSE RD
20211242950,Permit Issued,Residential Single Family,621 CHAMBER ST
20210724593,Permit Issued,Residential Single Family,6225 BIXEL LN
20210622671,Permit Issued,Residential Single Family,6235 CERES ST
20211245113,Permit Issued,Residential Single Family,6240 CERES ST
20211242948,Permit Issued,Residential Single Family,631 CHAMBER ST
20210620436,Permit Issued,Residential Single Family,632 ENCARNACION ST
20210204669,Permit Issued,Residential Single Family,6397 BLUEBERRY DR
20210310741,Permit Issued,Residential Single Family,64 ALBRITTON ST
20210829968,Permit Issued,Residential Single Family,6436 AUSTRIAN BLVD
20210933510,Permit Issued,Residential Single Family,6484 BLUEBERRY DR
20210622444,Permit Issued,Residential Single Family,65 CLUBHOUSE TER
20210620733,Permit Issued,Residential Single Family,668 ENCARNACION ST
20210411665,Permit Issued,Residential Single Family,67 FERDON CIR
20210309464,Permit Issued,Residential Single Family,7 CURRENT LN
20211038365,Permit Issued,Residential Single Family,70 ALGONQUIN ST
20211038087,Permit Issued,Residential Single Family,7008 FIR ST
20210622618,Permit Issued,Residential Single Family,7015 CROWN DR
20210413337,Permit Issued,Residential Single Family,702 BOUNDARY BLVD
20210622587,Permit Issued,Residential Single Family,7028 DENMARK ST
20210413339,Permit Issued,Residential Single Family,704 BOUNDARY BLVD
20210622616,Permit Issued,Residential Single Family,7049 DAVID BLVD
20210411973,Permit Issued,Residential Single Family,710 BOUNDARY BLVD
20210932369,Permit Issued,Residential Single Family,7120 CASTILLA ST
20210412881,Permit Issued,Residential Single Family,7122 BENSON ST
20210623293,Permit Issued,Residential Single Family,7123 ACORN BLVD
20210309232,Permit Issued,Residential Single Family,7152 BOUGAINVILLEA ST
20210827498,Permit Issued,Residential Single Family,7183 BATAVIA ST
20210933517,Permit Issued,Residential Single Family,719 EDGEMERE ST
20210519360,Permit Issued,Residential Single Family,7225 BURNSVILLE ST
20210308792,Permit Issued,Residential Single Family,7244 BRANDYWINE DR
20211142081,Permit Issued,Residential Single Family,725 ESSEX AVE
20210620105,Permit Issued,Residential Single Family,7256 BASEL LN
20220103953,Permit Issued,Residential Single Family,73 COXSWAINE CIR
20210203544,Permit Issued,Residential Single Family,7312 BASEL LN
20210516234,Permit Issued,Residential Single Family,7329 BOLTEN LN
20211140929,Permit Issued,Residential Single Family,7337 BOLTEN LN
20220100364,Permit Issued,Residential Single Family,7339 EBRO RD
20211244035,Permit Issued,Residential Single Family,7356 CARY ST
20211038690,Permit Issued,Residential Single Family,7361 ELLIS LN
20210829552,Permit Issued,Residential Single Family,7373 CARY ST
20210309166,Permit Issued,Residential Single Family,7396 CARY ST
20211139149,Permit Issued,Residential Single Family,7410 ELLIS LN
20210932181,Permit Issued,Residential Single Family,7435 CAPITAL HEIGHTS ST
20210307711,Permit Issued,Residential Single Family,7499 ASHTABULA ST
20211139600,Permit Issued,Residential Single Family,773 ESSEX AVE
20211139641,Permit Issued,Residential Single Family,777 BOUNDARY BLVD
20211140304,Permit Issued,Residential Single Family,779 BOUNDARY BLVD
20210934536,Permit Issued,Residential Single Family,79 ATWATER ST
20210619627,Permit Issued,Residential Single Family,8 ABEAM CT
20210412120,Permit Issued,Residential Single Family,8 BILL CT
20210412123,Permit Issued,Residential Single Family,8 CLEW CT
20210205360,Permit Issued,Residential Single Family,8 FAIRWAY RD
20220103948,Permit Issued,Residential Single Family,80 ALBRITTON ST
20211141319,Permit Issued,Residential Single Family,8024 AGATE ST
20210935153,Permit Issued,Residential Single Family,8061 ARLEWOOD CIR
20220100936,Permit Issued,Residential Single Family,8073 ALAN BLVD
20210518433,Permit Issued,Residential Single Family,8074 ARLEWOOD CIR
20210933840,Permit Issued,Residential Single Family,8076 BURWELL CIR
20210830342,Permit Issued,Residential Single Family,8080 ANTWERP CIR
20210831269,Permit Issued,Residential Single Family,8118 CLYDE CIR
20210518814,Permit Issued,Residential Single Family,8131 BOSCO RD
20210932979,Permit Issued,Residential Single Family,8165 BURWELL CIR
20210725603,Permit Issued,Residential Single Family,8173 BURWELL CIR
20210204064,Permit Issued,Residential Single Family,8174 AGATE ST
20210204482,Permit Issued,Residential Single Family,819 CONREID DR
20210309662,Permit Issued,Residential Single Family,8208 ACORN BLVD
20210622832,Permit Issued,Residential Single Family,8214 DITTMAR ST
20211038875,Permit Issued,Residential Single Family,8220 CHICO ST
20210622833,Permit Issued,Residential Single Family,8221 AGATE ST
20210827578,Permit Issued,Residential Single Family,8222 DITTMAR ST
20210309404,Permit Issued,Residential Single Family,8236 BURWELL CIR
20211036199,Permit Issued,Residential Single Family,8249 CONSUL ST
20210932251,Permit Issued,Residential Single Family,8249 DITTMAR ST
20210827579,Permit Issued,Residential Single Family,8253 CHICO ST
20220100599,Permit Issued,Residential Single Family,8269 AGATE ST
20210619919,Permit Issued,Residential Single Family,8285 AGATE ST
20210307442,Permit Issued,Residential Single Family,830 BAYARD ST
20220100388,Permit Issued,Residential Single Family,8310 AGATE ST
20210623395,Permit Issued,Residential Single Family,8315 ADA ST
20220100966,Permit Issued,Residential Single Family,8316 ADA ST
20210518995,Permit Issued,Residential Single Family,8316 BURWELL CIR
20210307329,Permit Issued,Residential Single Family,8320 ANTWERP CIR
20210724348,Permit Issued,Residential Single Family,8368 ANTWERP CIR
20210622638,Permit Issued,Residential Single Family,8374 AGATE ST
20210415094,Permit Issued,Residential Single Family,8383 DAFOE ST
20220103199,Permit Issued,Residential Single Family,8412 ACORN BLVD
20210621621,Permit Issued,Residential Single Family,8423 DAFOE ST
20210829158,Permit Issued,Residential Single Family,8431 DAFOE ST
20211038097,Permit Issued,Residential Single Family,8442 ASHBORO CIR
20211244110,Permit Issued,Residential Single Family,8490 ASHBORO CIR
20210517244,Permit Issued,Residential Single Family,861 CORDELE AVE
20210726013,Permit Issued,Residential Single Family,865 BOUNDARY BLVD
20211139238,Permit Issued,Residential Single Family,87 CORY ST
20211139457,Permit Issued,Residential Single Family,870 COLUMBIA ST
20210828083,Permit Issued,Residential Single Family,8753 CONCH AVE
20210308088,Permit Issued,Residential Single Family,8761 CONCH AVE
20210726918,Permit Issued,Residential Single Family,8768 CONCH AVE
20210519125,Permit Issued,Residential Single Family,8784 CONCH AVE
20220103950,Permit Issued,Residential Single Family,89 ALBRITTON ST
20210932660,Permit Issued,Residential Single Family,8928 CONCH AVE
20210830319,Permit Issued,Residential Single Family,8936 CONCH AVE
20210831412,Permit Issued,Residential Single Family,8944 CONCH AVE
20210830375,Permit Issued,Residential Single Family,8952 CONCH AVE
20210830349,Permit Issued,Residential Single Family,8960 CONCH AVE
20210830365,Permit Issued,Residential Single Family,8968 CONCH AVE
20210830327,Permit Issued,Residential Single Family,8976 CONCH AVE
20210828129,Permit Issued,Residential Single Family,8984 CONCH AVE
20211036711,Permit Issued,Residential Single Family,90 DOUBLOON DR
20220101010,Permit Issued,Residential Single Family,9054 CALUMET BLVD
20210518614,Permit Issued,Residential Single Family,9076 ACORN BLVD
20210519009,Permit Issued,Residential Single Family,9088 EVELYN RD
20210519569,Permit Issued,Residential Single Family,910 BOUNDARY BLVD
20210519008,Permit Issued,Residential Single Family,9112 EVELYN RD
20210932548,Permit Issued,Residential Single Family,913 COLUMBIA TER
20211036484,Permit Issued,Residential Single Family,9140 CARTER ST
20210621955,Permit Issued,Residential Single Family,9147 BELGRADE TER
20210206320,Permit Issued,Residential Single Family,9191 ALAN BLVD
20211244787,Permit Issued,Residential Single Family,92 FAIRWAY RD
20210203433,Permit Issued,Residential Single Family,9200 CASEY ST
20220205397,Permit Issued,Residential Single Family,9235 CALUMET BLVD
20211139394,Permit Issued,Residential Single Family,9235 CANNA ST
20211038055,Permit Issued,Residential Single Family,9245 BOCA GRANDE AVE
20210203545,Permit Issued,Residential Single Family,9309 BOCA GRANDE AVE
20210203633,Permit Issued,Residential Single Family,9378 BLUEGILL CIR
20211142527,Permit Issued,Residential Single Family,9418 BLUEGILL CIR
20210623526,Permit Issued,Residential Single Family,9420 ARNAZ CIR
20210517646,Permit Issued,Residential Single Family,943 BOUNDARY BLVD
20211141460,Permit Issued,Residential Single Family,9461 APPLIN CIR
20211038659,Permit Issued,Residential Single Family,9461 ATTICA CIR
20210623143,Permit Issued,Residential Single Family,9482 BLUEGILL CIR
20210829065,Permit Issued,Residential Single Family,95 BRIG CIR
20210101093,Permit Issued,Residential Single Family,9505 BASK CT
20210518845,Permit Issued,Residential Single Family,9513 BLUEGILL CIR
20210932993,Permit Issued,Residential Single Family,9516 ATTICA CIR
20210518878,Permit Issued,Residential Single Family,9521 BLUEGILL CIR
20210101862,Permit Issued,Residential Single Family,9524 APPLIN CIR
20210518945,Permit Issued,Residential Single Family,9529 BLUEGILL CIR
20211037204,Permit Issued,Residential Single Family,9533 ARNAZ CIR
20210725385,Permit Issued,Residential Single Family,9585 CALUMET BLVD
20211141398,Permit Issued,Residential Single Family,9677 ARNAZ CIR
20220103943,Permit Issued,Residential Single Family,97 ALBRITTON ST
20210518404,Permit Issued,Residential Single Family,9830 EAGLE PRESERVE DR
20211139366,Permit Issued,Residential Single Family,9844 EAGLE PRESERVE DR
20211140661,Permit Issued,Residential Single Family,9847 CALUMET BLVD
20220205709,Permit Issued,Residential Single Family,987 BOUNDARY BLVD
20211037698,Permit Issued,Residential Single Family,989 BOUNDARY BLVD
20210827673,Permit Issued,Residential Single Family,9901 CALUMET BLVD
20210203785,Permit Issued,Residential Single Family,9970 EAGLE PRESERVE DR
20210932592,Permit Issued,Residential Single Family,998 BOUNDARY BLVD
20211036347,Ready for Issuance,Residential Single Family,15491 ALMERIA AVE
20210310178,Ready for Issuance,Residential Single Family,1977 CEDARWOOD ST
20210828817,Ready for Issuance,Residential Single Family,9169 CLEWISTON TER
